USE data_dev;
insert into base_user (base_user_id, user_email, is_email_verified, username, user_password, is_admin_user, is_deleted, created_at, updated_at)	values ('d5f147b8-8344-11ee-99bc-0242ac120002', 'user1@isep.ipp.pt', true, 'user1', '$2a$10$tYaLhCk1wNZxe.K6rED/9uuvHRjeVx1.3BhnzwNIUCTuzVGtHaq7C', false, false, now(), now());
insert into member (member_id, member_base_id, reputation, created_at, updated_at) values('e9e645d5-8344-11ee-99bc-0242ac120002', 'd5f147b8-8344-11ee-99bc-0242ac120002', 10, now(), now());
insert into base_user (base_user_id, user_email, is_email_verified, username, user_password, is_admin_user, is_deleted, created_at, updated_at)	values ('ff4142ae-8344-11ee-99bc-0242ac120002', 'user2@isep.ipp.pt', true, 'user2', '$2a$10$7kf4OTFsX9X2YO.gctlCE.zVM2dD4KsVWPgisJaQFVCz6U96CGVFi', false, false, now(), now());
insert into member (member_id, member_base_id, reputation, created_at, updated_at)	values('1730269f-8345-11ee-99bc-0242ac120002', 'ff4142ae-8344-11ee-99bc-0242ac120002', 10, now(), now());
insert into post (post_id, member_id, type, title, text, link, slug, points, total_num_comments, created_at, updated_at) values ('29f5c1e7-8f03-11ee-b5ff-0242ac130002', 'e9e645d5-8344-11ee-99bc-0242ac120002', 'text', 'Testeeeeeeee', 'Testeeeeeeeeeeeeeeeee', 'Testeeeeeeeeeee',         concat(cast(ROUND((RAND() * (8999999))+1000000) as char(7)), '-test'), 0, 6, cast('2023-10-17 10:10:01' as datetime), now());
insert into comment (comment_id, member_id, parent_comment_id, post_id, text, points, created_at, updated_at) values (uuid(), 'e9e645d5-8344-11ee-99bc-0242ac120002', null, '29f5c1e7-8f03-11ee-b5ff-0242ac130002', 'akslskalskalskalks', 6, cast('2023-10-17 10:10:01' as datetime), now());
insert into comment (comment_id, member_id, parent_comment_id, post_id, text, points, created_at, updated_at) values (uuid(), 'e9e645d5-8344-11ee-99bc-0242ac120002', null, '29f5c1e7-8f03-11ee-b5ff-0242ac130002', 'akslskalskalskalks', 6, cast('2023-10-17 10:10:01' as datetime), now());
insert into comment (comment_id, member_id, parent_comment_id, post_id, text, points, created_at, updated_at) values (uuid(), 'e9e645d5-8344-11ee-99bc-0242ac120002', null, '29f5c1e7-8f03-11ee-b5ff-0242ac130002', 'akslskalskalskalks', 6, cast('2023-10-17 10:10:01' as datetime), now());
insert into comment (comment_id, member_id, parent_comment_id, post_id, text, points, created_at, updated_at) values (uuid(), 'e9e645d5-8344-11ee-99bc-0242ac120002', null, '29f5c1e7-8f03-11ee-b5ff-0242ac130002', 'akslskalskalskalks', 6, cast('2023-10-17 10:10:01' as datetime), now());
insert into comment (comment_id, member_id, parent_comment_id, post_id, text, points, created_at, updated_at) values (uuid(), '1730269f-8345-11ee-99bc-0242ac120002', null, '29f5c1e7-8f03-11ee-b5ff-0242ac130002', 'akslskalskalskalks', 6, cast('2023-10-17 10:10:01' as datetime), now());
insert into comment (comment_id, member_id, parent_comment_id, post_id, text, points, created_at, updated_at) values (uuid(), '1730269f-8345-11ee-99bc-0242ac120002', null, '29f5c1e7-8f03-11ee-b5ff-0242ac130002', 'akslskalskalskalks', 6, cast('2023-10-17 10:10:01' as datetime), now());
insert into post (post_id, member_id, type, title, text, link, slug, points, total_num_comments, created_at, updated_at) values ('29f6a94e-8f03-11ee-b5ff-0242ac130002', 'e9e645d5-8344-11ee-99bc-0242ac120002', 'text', 'Olaaaaaaaaaa', 'Testeeeeeeeeeeeeeeeee', 'Hello!Hello!Hello!',         concat(cast(ROUND((RAND() * (8999999))+1000000) as char(7)), '-test'), 0, 1, cast('2023-11-14 10:10:01' as datetime), now());
insert into comment (comment_id, member_id, parent_comment_id, post_id, text, points, created_at, updated_at) values (uuid(), 'e9e645d5-8344-11ee-99bc-0242ac120002', null, '29f6a94e-8f03-11ee-b5ff-0242ac130002', 'akslskalskalskalks', 6, cast('2023-11-14 10:10:01' as datetime), now());
insert into post (post_id, member_id, type, title, text, link, slug, points, total_num_comments, created_at, updated_at) values ('29f73a99-8f03-11ee-b5ff-0242ac130002', 'e9e645d5-8344-11ee-99bc-0242ac120002', 'text', 'TesteSprint007', 'Testeeeeeeeeeeeeeeeee', 'Almost Doneeeee',         concat(cast(ROUND((RAND() * (8999999))+1000000) as char(7)), '-test'), 0, 7, cast('2023-12-02 10:10:01' as datetime), now());
insert into comment (comment_id, member_id, parent_comment_id, post_id, text, points, created_at, updated_at) values (uuid(), 'e9e645d5-8344-11ee-99bc-0242ac120002', null, '29f73a99-8f03-11ee-b5ff-0242ac130002', 'akslskalskalskalks', 6, cast('2023-12-02 10:10:01' as datetime), now());
insert into comment (comment_id, member_id, parent_comment_id, post_id, text, points, created_at, updated_at) values (uuid(), 'e9e645d5-8344-11ee-99bc-0242ac120002', null, '29f73a99-8f03-11ee-b5ff-0242ac130002', 'akslskalskalskalks', 6, cast('2023-12-02 10:10:01' as datetime), now());
insert into comment (comment_id, member_id, parent_comment_id, post_id, text, points, created_at, updated_at) values (uuid(), 'e9e645d5-8344-11ee-99bc-0242ac120002', null, '29f73a99-8f03-11ee-b5ff-0242ac130002', 'akslskalskalskalks', 6, cast('2023-12-02 10:10:01' as datetime), now());
insert into comment (comment_id, member_id, parent_comment_id, post_id, text, points, created_at, updated_at) values (uuid(), '1730269f-8345-11ee-99bc-0242ac120002', null, '29f73a99-8f03-11ee-b5ff-0242ac130002', 'akslskalskalskalks', 6, cast('2023-12-02 10:10:01' as datetime), now());
insert into comment (comment_id, member_id, parent_comment_id, post_id, text, points, created_at, updated_at) values (uuid(), '1730269f-8345-11ee-99bc-0242ac120002', null, '29f73a99-8f03-11ee-b5ff-0242ac130002', 'akslskalskalskalks', 6, cast('2023-12-02 10:10:01' as datetime), now());
insert into comment (comment_id, member_id, parent_comment_id, post_id, text, points, created_at, updated_at) values (uuid(), 'e9e645d5-8344-11ee-99bc-0242ac120002', null, '29f73a99-8f03-11ee-b5ff-0242ac130002', 'akslskalskalskalks', 6, cast('2023-12-02 10:10:01' as datetime), now());
insert into comment (comment_id, member_id, parent_comment_id, post_id, text, points, created_at, updated_at) values (uuid(), 'e9e645d5-8344-11ee-99bc-0242ac120002', null, '29f73a99-8f03-11ee-b5ff-0242ac130002', 'akslskalskalskalks', 6, cast('2023-12-02 10:10:01' as datetime), now());
insert into post (post_id, member_id, type, title, text, link, slug, points, total_num_comments, created_at, updated_at) values ('29f6a94e-8f03-11ee-b5ff-0242ac130067', 'e9e645d5-8344-11ee-99bc-0242ac120002', 'text', 'TesteNovamente', 'Testeeeeeeeeeeeeeeeee', 'Olaaaaaaaaaaaaaaa',         concat(cast(ROUND((RAND() * (8999999))+1000000) as char(7)), '-test'), 0, 0, cast('2023-11-05 10:10:01' as datetime), now());