USE data_dev;
insert into base_user (base_user_id, user_email, is_email_verified, username, user_password, is_admin_user, is_deleted, created_at, updated_at)	values ('d5f147b8-8344-11ee-99bc-0242ac120002', 'user1@isep.ipp.pt', true, 'user1', '$2a$10$tYaLhCk1wNZxe.K6rED/9uuvHRjeVx1.3BhnzwNIUCTuzVGtHaq7C', false, false, now(), now());
insert into member (member_id, member_base_id, reputation, created_at, updated_at) values('e9e645d5-8344-11ee-99bc-0242ac120002', 'd5f147b8-8344-11ee-99bc-0242ac120002', 10, now(), now());
insert into base_user (base_user_id, user_email, is_email_verified, username, user_password, is_admin_user, is_deleted, created_at, updated_at)	values ('ff4142ae-8344-11ee-99bc-0242ac120002', 'user2@isep.ipp.pt', true, 'user2', '$2a$10$7kf4OTFsX9X2YO.gctlCE.zVM2dD4KsVWPgisJaQFVCz6U96CGVFi', false, false, now(), now());
insert into member (member_id, member_base_id, reputation, created_at, updated_at)	values('1730269f-8345-11ee-99bc-0242ac120002', 'ff4142ae-8344-11ee-99bc-0242ac120002', 10, now(), now());
insert into base_user (base_user_id, user_email, is_email_verified, username, user_password, is_admin_user, is_deleted, created_at, updated_at)	values ('4f6ae9b7-8345-11ee-99bc-0242ac120002', 'user3@isep.ipp.pt', true, 'user3', '$2a$10$aGqQiq0Pzmu.1TY0wetr/ON6nu6Avm1NWn3UtYChbStZldtngcZVy', false, false, now(), now());
insert into member (member_id, member_base_id, reputation, created_at, updated_at)	values('21e3a3be-8345-11ee-99bc-0242ac120002', '4f6ae9b7-8345-11ee-99bc-0242ac120002', 10, now(), now());
insert into base_user (base_user_id, user_email, is_email_verified, username, user_password, is_admin_user, is_deleted, created_at, updated_at)	values ('55047d59-8345-11ee-99bc-0242ac120002', 'user4@isep.ipp.pt', true, 'user4', '$2a$10$44I/.yVU7eKyujww3xoeGOM9eN4Tr8PKn9B0tIdPn1CiEco.3nHHu', false, false, now(), now());
insert into member (member_id, member_base_id, reputation, created_at, updated_at)	values('2bbbebd3-8345-11ee-99bc-0242ac120002', '55047d59-8345-11ee-99bc-0242ac120002', 10, now(), now());
insert into base_user (base_user_id, user_email, is_email_verified, username, user_password, is_admin_user, is_deleted, created_at, updated_at)	values ('5c093402-8345-11ee-99bc-0242ac120002', 'user5@isep.ipp.pt', true, 'user5', '$2a$10$LTlLQIh2yrmxZ1wWBiQJ6e3YMJ/Knjv4HjK6WggiSYLQSaPEcAKbi', false, false, now(), now());
insert into member (member_id, member_base_id, reputation, created_at, updated_at)	values('33c00bd7-8345-11ee-99bc-0242ac120002', '5c093402-8345-11ee-99bc-0242ac120002', 10, now(), now());
insert into post (post_id, member_id, type, title, text, link, slug, points, total_num_comments, created_at, updated_at) values (uuid(), 'e9e645d5-8344-11ee-99bc-0242ac120002', 'link', 'sapo', null, 'www.sapo.pt',         concat(cast(ROUND((RAND() * (8999999))+1000000) as char(7)), '-test'), 0, 0, cast('2023-10-01 10:10:01' as datetime), now());
insert into post (post_id, member_id, type, title, text, link, slug, points, total_num_comments, created_at, updated_at) values (uuid(), 'e9e645d5-8344-11ee-99bc-0242ac120002', 'text', 'Post001', 'Text -Post001', null,    concat(cast(ROUND((RAND() * (8999999))+1000000) as char(7)), '-test'), 0, 0, cast('2023-10-01 10:11:01' as datetime), now());
insert into post (post_id, member_id, type, title, text, link, slug, points, total_num_comments, created_at, updated_at) values (uuid(), '1730269f-8345-11ee-99bc-0242ac120002', 'link', 'google', null, 'www.google.com',    concat(cast(ROUND((RAND() * (8999999))+1000000) as char(7)), '-test'), 0, 0, cast('2023-10-01 10:12:01' as datetime), now());
insert into post (post_id, member_id, type, title, text, link, slug, points, total_num_comments, created_at, updated_at) values (uuid(), '1730269f-8345-11ee-99bc-0242ac120002', 'text', 'Post002', 'Text -Post002', null,    concat(cast(ROUND((RAND() * (8999999))+1000000) as char(7)), '-test'), 0, 0, cast('2023-10-05 10:10:01' as datetime), now());
insert into post (post_id, member_id, type, title, text, link, slug, points, total_num_comments, created_at, updated_at) values (uuid(), '21e3a3be-8345-11ee-99bc-0242ac120002', 'text', 'Post003', 'Text -Post003', null,    concat(cast(ROUND((RAND() * (8999999))+1000000) as char(7)), '-test'), 0, 0, cast('2023-10-05 10:10:01' as datetime), now());
insert into post (post_id, member_id, type, title, text, link, slug, points, total_num_comments, created_at, updated_at) values (uuid(), '2bbbebd3-8345-11ee-99bc-0242ac120002', 'text', 'Post004', 'Text -Post004', null,    concat(cast(ROUND((RAND() * (8999999))+1000000) as char(7)), '-test'), 0, 0, cast('2023-10-05 10:10:01' as datetime), now());
insert into post (post_id, member_id, type, title, text, link, slug, points, total_num_comments, created_at, updated_at) values (uuid(), '2bbbebd3-8345-11ee-99bc-0242ac120002', 'text', 'Post005', 'Text -Post005', null,    concat(cast(ROUND((RAND() * (8999999))+1000000) as char(7)), '-test'), 0, 0, cast('2023-10-05 10:10:01' as datetime), now());
insert into post (post_id, member_id, type, title, text, link, slug, points, total_num_comments, created_at, updated_at) values (uuid(), '33c00bd7-8345-11ee-99bc-0242ac120002', 'text', 'Post006', 'Text -Post006', null,    concat(cast(ROUND((RAND() * (8999999))+1000000) as char(7)), '-test'), 0, 0, cast('2023-10-09 10:10:01' as datetime), now());
insert into post (post_id, member_id, type, title, text, link, slug, points, total_num_comments, created_at, updated_at) values (uuid(), 'e9e645d5-8344-11ee-99bc-0242ac120002', 'text', 'Post007', 'Text -Post007', null,    concat(cast(ROUND((RAND() * (8999999))+1000000) as char(7)), '-test'), 0, 0, cast('2023-10-12 10:10:01' as datetime), now());
insert into post (post_id, member_id, type, title, text, link, slug, points, total_num_comments, created_at, updated_at) values (uuid(), 'e9e645d5-8344-11ee-99bc-0242ac120002', 'link', 'isep', null, 'www.isep.ipp.pt.com', concat(cast(ROUND((RAND() * (8999999))+1000000) as char(7)), '-test'), 0, 0, cast('2023-10-12 10:10:01' as datetime), now());
insert into post (post_id, member_id, type, title, text, link, slug, points, total_num_comments, created_at, updated_at) values (uuid(), 'e9e645d5-8344-11ee-99bc-0242ac120002', 'text', 'Post0008', 'Text -Post008', null,   concat(cast(ROUND((RAND() * (8999999))+1000000) as char(7)), '-test'), 0, 0, cast('2023-10-12 10:10:01' as datetime), now());
insert into post (post_id, member_id, type, title, text, link, slug, points, total_num_comments, created_at, updated_at) values (uuid(), 'e9e645d5-8344-11ee-99bc-0242ac120002', 'text', 'Post0009', 'Text -Post009', null,   concat(cast(ROUND((RAND() * (8999999))+1000000) as char(7)), '-test'), 0, 0, cast('2023-10-12 10:10:01' as datetime), now());
insert into post (post_id, member_id, type, title, text, link, slug, points, total_num_comments, created_at, updated_at) values (uuid(), '33c00bd7-8345-11ee-99bc-0242ac120002', 'text', 'Post0010', 'Text -Post010', null,   concat(cast(ROUND((RAND() * (8999999))+1000000) as char(7)), '-test'), 0, 0, cast('2023-10-12 10:10:01' as datetime), now());
insert into post (post_id, member_id, type, title, text, link, slug, points, total_num_comments, created_at, updated_at) values (uuid(), '33c00bd7-8345-11ee-99bc-0242ac120002', 'text', 'Post0011', 'Text -Post011', null,   concat(cast(ROUND((RAND() * (8999999))+1000000) as char(7)), '-test'), 0, 0, cast('2023-10-12 10:10:01' as datetime), now());
insert into post (post_id, member_id, type, title, text, link, slug, points, total_num_comments, created_at, updated_at) values (uuid(), '33c00bd7-8345-11ee-99bc-0242ac120002', 'text', 'Post0012', 'Text -Post012', null,   concat(cast(ROUND((RAND() * (8999999))+1000000) as char(7)), '-test'), 0, 0, cast('2023-10-12 10:10:01' as datetime), now());
insert into post (post_id, member_id, type, title, text, link, slug, points, total_num_comments, created_at, updated_at) values (uuid(), '21e3a3be-8345-11ee-99bc-0242ac120002', 'text', 'Post0013', 'Text -Post013', null,   concat(cast(ROUND((RAND() * (8999999))+1000000) as char(7)), '-test'), 0, 0, cast('2023-11-01 12:10:01' as datetime), now());
insert into post (post_id, member_id, type, title, text, link, slug, points, total_num_comments, created_at, updated_at) values (uuid(), '21e3a3be-8345-11ee-99bc-0242ac120002', 'text', 'Post0014', 'Text -Post014', null,   concat(cast(ROUND((RAND() * (8999999))+1000000) as char(7)), '-test'), 0, 0, cast('2023-11-01 14:10:01' as datetime), now());

insert into base_user (base_user_id, user_email, is_email_verified, username, user_password, is_admin_user, is_deleted, created_at, updated_at)	values ('be9c54e2-e909-4a8f-833e-c45380e9ccfb', 'tu@isep.ipp.pt', true, 'testuser', '$2a$10$tYaLhCk1wNZxe.K6rED/9uuvHRjeVx1.3BhnzwNIUCTuzVGtHaq7C', false, false, now(), now());
insert into member (member_id, member_base_id, reputation, created_at, updated_at) values('20c5c2c9-8ce6-4da2-8a5f-e9c757977017', 'be9c54e2-e909-4a8f-833e-c45380e9ccfb', 10, now(), now());
